create schema HR;
create table HR.REGIONS(REGION_ID   NUMERIC(4) not null constraint REG_ID_PK primary key constraint REGION_ID_NN check ("REGION_ID" IS NOT NULL),REGION_NAME VARCHAR(25));
INSERT INTO HR.REGIONS (REGION_ID, REGION_NAME) VALUES (1, 'Europe');
INSERT INTO HR.REGIONS (REGION_ID, REGION_NAME) VALUES (2, 'Americas');
INSERT INTO HR.REGIONS (REGION_ID, REGION_NAME) VALUES (3, 'Asia');
INSERT INTO HR.REGIONS (REGION_ID, REGION_NAME) VALUES (4, 'Middle East and Africa');
create table HR.COUNTRIES(COUNTRY_ID   CHAR(2) not null constraint COUNTRY_C_ID_PK primary key constraint COUNTRY_ID_NN check ("COUNTRY_ID" IS NOT NULL),COUNTRY_NAME VARCHAR(40),REGION_ID    NUMERIC(4)constraint COUNTR_REG_FK references HR.REGIONS);
comment on table HR.COUNTRIES is 'country table. Contains 25 rows. References with locations table.';
comment on column HR.COUNTRIES.COUNTRY_ID is 'Primary key of countries table.';
comment on column HR.COUNTRIES.COUNTRY_NAME is 'Country name';
comment on column HR.COUNTRIES.REGION_ID is 'Region ID for the country. Foreign key to region_id column in the departments table.';
INSERT INTO HR.COUNTRIES (COUNTRY_ID, COUNTRY_NAME, REGION_ID) VALUES ('AR', 'Argentina', 2);
INSERT INTO HR.COUNTRIES (COUNTRY_ID, COUNTRY_NAME, REGION_ID) VALUES ('AU', 'Australia', 3);
INSERT INTO HR.COUNTRIES (COUNTRY_ID, COUNTRY_NAME, REGION_ID) VALUES ('BE', 'Belgium', 1);
INSERT INTO HR.COUNTRIES (COUNTRY_ID, COUNTRY_NAME, REGION_ID) VALUES ('BR', 'Brazil', 2);
INSERT INTO HR.COUNTRIES (COUNTRY_ID, COUNTRY_NAME, REGION_ID) VALUES ('CA', 'Canada', 2);
INSERT INTO HR.COUNTRIES (COUNTRY_ID, COUNTRY_NAME, REGION_ID) VALUES ('CH', 'Switzerland', 1);
INSERT INTO HR.COUNTRIES (COUNTRY_ID, COUNTRY_NAME, REGION_ID) VALUES ('CN', 'China', 3);
INSERT INTO HR.COUNTRIES (COUNTRY_ID, COUNTRY_NAME, REGION_ID) VALUES ('DE', 'Germany', 1);
INSERT INTO HR.COUNTRIES (COUNTRY_ID, COUNTRY_NAME, REGION_ID) VALUES ('DK', 'Denmark', 1);
INSERT INTO HR.COUNTRIES (COUNTRY_ID, COUNTRY_NAME, REGION_ID) VALUES ('EG', 'Egypt', 4);
INSERT INTO HR.COUNTRIES (COUNTRY_ID, COUNTRY_NAME, REGION_ID) VALUES ('FR', 'France', 1);
INSERT INTO HR.COUNTRIES (COUNTRY_ID, COUNTRY_NAME, REGION_ID) VALUES ('IL', 'Israel', 4);
INSERT INTO HR.COUNTRIES (COUNTRY_ID, COUNTRY_NAME, REGION_ID) VALUES ('IN', 'India', 3);
INSERT INTO HR.COUNTRIES (COUNTRY_ID, COUNTRY_NAME, REGION_ID) VALUES ('IT', 'Italy', 1);
INSERT INTO HR.COUNTRIES (COUNTRY_ID, COUNTRY_NAME, REGION_ID) VALUES ('JP', 'Japan', 3);
INSERT INTO HR.COUNTRIES (COUNTRY_ID, COUNTRY_NAME, REGION_ID) VALUES ('KW', 'Kuwait', 4);
INSERT INTO HR.COUNTRIES (COUNTRY_ID, COUNTRY_NAME, REGION_ID) VALUES ('ML', 'Malaysia', 3);
INSERT INTO HR.COUNTRIES (COUNTRY_ID, COUNTRY_NAME, REGION_ID) VALUES ('MX', 'Mexico', 2);
INSERT INTO HR.COUNTRIES (COUNTRY_ID, COUNTRY_NAME, REGION_ID) VALUES ('NG', 'Nigeria', 4);
INSERT INTO HR.COUNTRIES (COUNTRY_ID, COUNTRY_NAME, REGION_ID) VALUES ('NL', 'Netherlands', 1);
INSERT INTO HR.COUNTRIES (COUNTRY_ID, COUNTRY_NAME, REGION_ID) VALUES ('SG', 'Singapore', 3);
INSERT INTO HR.COUNTRIES (COUNTRY_ID, COUNTRY_NAME, REGION_ID) VALUES ('UK', 'United Kingdom', 1);
INSERT INTO HR.COUNTRIES (COUNTRY_ID, COUNTRY_NAME, REGION_ID) VALUES ('US', 'United States of America', 2);
INSERT INTO HR.COUNTRIES (COUNTRY_ID, COUNTRY_NAME, REGION_ID) VALUES ('ZM', 'Zambia', 4);
INSERT INTO HR.COUNTRIES (COUNTRY_ID, COUNTRY_NAME, REGION_ID) VALUES ('ZW', 'Zimbabwe', 4);
create table HR.LOCATIONS(LOCATION_ID    NUMERIC(4)   not null constraint LOC_ID_PK primary key,STREET_ADDRESS VARCHAR(40),POSTAL_CODE    VARCHAR(12),CITY           VARCHAR(30) not null constraint LOC_CITY_NN check ("CITY" IS NOT NULL),STATE_PROVINCE VARCHAR(25),COUNTRY_ID     CHAR(2)constraint LOC_C_ID_FK references HR.COUNTRIES);
comment on table HR.LOCATIONS is 'Locations table that contains specific address of a specific office, warehouse, and/or production site of a company. Does not store addresses / locations of customers. Contains 23 rows; references with the departments and countries tables.';
comment on column HR.LOCATIONS.LOCATION_ID is 'Primary key of locations table';
comment on column HR.LOCATIONS.STREET_ADDRESS is 'Street address of an office, warehouse, or production site of a company. Contains building number and street name';
comment on column HR.LOCATIONS.POSTAL_CODE is 'Postal code of the location of an office, warehouse, or production site of a company.';
comment on column HR.LOCATIONS.CITY is 'A not null column that shows city where an office, warehouse, or production site of a company is located.';
comment on column HR.LOCATIONS.STATE_PROVINCE is 'State or Province where an office, warehouse, or production site of a company is located.';
comment on column HR.LOCATIONS.COUNTRY_ID is 'Country where an office, warehouse, or production site of a company is located. Foreign key to country_id column of the countries table.';
create index HR.LOC_CITY_IX on HR.LOCATIONS (CITY);
create index HR.LOC_STATE_PROVINCE_IX on HR.LOCATIONS (STATE_PROVINCE);
create index HR.LOC_COUNTRY_IX on HR.LOCATIONS (COUNTRY_ID);
INSERT INTO HR.LOCATIONS (LOCATION_ID, STREET_ADDRESS, POSTAL_CODE, CITY, STATE_PROVINCE, COUNTRY_ID) VALUES (1000, '1297 Via Cola di Rie', '00989', 'Roma', null, 'IT');
INSERT INTO HR.LOCATIONS (LOCATION_ID, STREET_ADDRESS, POSTAL_CODE, CITY, STATE_PROVINCE, COUNTRY_ID) VALUES (1100, '93091 Calle della Testa', '10934', 'Venice', null, 'IT');
INSERT INTO HR.LOCATIONS (LOCATION_ID, STREET_ADDRESS, POSTAL_CODE, CITY, STATE_PROVINCE, COUNTRY_ID) VALUES (1200, '2017 Shinjuku-ku', '1689', 'Tokyo', 'Tokyo Prefecture', 'JP');
INSERT INTO HR.LOCATIONS (LOCATION_ID, STREET_ADDRESS, POSTAL_CODE, CITY, STATE_PROVINCE, COUNTRY_ID) VALUES (1300, '9450 Kamiya-cho', '6823', 'Hiroshima', null, 'JP');
INSERT INTO HR.LOCATIONS (LOCATION_ID, STREET_ADDRESS, POSTAL_CODE, CITY, STATE_PROVINCE, COUNTRY_ID) VALUES (1400, '2014 Jabberwocky Rd', '26192', 'Southlake', 'Texas', 'US');
INSERT INTO HR.LOCATIONS (LOCATION_ID, STREET_ADDRESS, POSTAL_CODE, CITY, STATE_PROVINCE, COUNTRY_ID) VALUES (1500, '2011 Interiors Blvd', '99236', 'South San Francisco', 'California', 'US');
INSERT INTO HR.LOCATIONS (LOCATION_ID, STREET_ADDRESS, POSTAL_CODE, CITY, STATE_PROVINCE, COUNTRY_ID) VALUES (1600, '2007 Zagora St', '50090', 'South Brunswick', 'New Jersey', 'US');
INSERT INTO HR.LOCATIONS (LOCATION_ID, STREET_ADDRESS, POSTAL_CODE, CITY, STATE_PROVINCE, COUNTRY_ID) VALUES (1700, '2004 Charade Rd', '98199', 'Seattle', 'Washington', 'US');
INSERT INTO HR.LOCATIONS (LOCATION_ID, STREET_ADDRESS, POSTAL_CODE, CITY, STATE_PROVINCE, COUNTRY_ID) VALUES (1800, '147 Spadina Ave', 'M5V 2L7', 'Toronto', 'Ontario', 'CA');
INSERT INTO HR.LOCATIONS (LOCATION_ID, STREET_ADDRESS, POSTAL_CODE, CITY, STATE_PROVINCE, COUNTRY_ID) VALUES (1900, '6092 Boxwood St', 'YSW 9T2', 'Whitehorse', 'Yukon', 'CA');
INSERT INTO HR.LOCATIONS (LOCATION_ID, STREET_ADDRESS, POSTAL_CODE, CITY, STATE_PROVINCE, COUNTRY_ID) VALUES (2000, '40-5-12 Laogianggen', '190518', 'Beijing', null, 'CN');
INSERT INTO HR.LOCATIONS (LOCATION_ID, STREET_ADDRESS, POSTAL_CODE, CITY, STATE_PROVINCE, COUNTRY_ID) VALUES (2100, '1298 Vileparle (E)', '490231', 'Bombay', 'Maharashtra', 'IN');
INSERT INTO HR.LOCATIONS (LOCATION_ID, STREET_ADDRESS, POSTAL_CODE, CITY, STATE_PROVINCE, COUNTRY_ID) VALUES (2200, '12-98 Victoria Street', '2901', 'Sydney', 'New South Wales', 'AU');
INSERT INTO HR.LOCATIONS (LOCATION_ID, STREET_ADDRESS, POSTAL_CODE, CITY, STATE_PROVINCE, COUNTRY_ID) VALUES (2300, '198 Clementi North', '540198', 'Singapore', null, 'SG');
INSERT INTO HR.LOCATIONS (LOCATION_ID, STREET_ADDRESS, POSTAL_CODE, CITY, STATE_PROVINCE, COUNTRY_ID) VALUES (2400, '8204 Arthur St', null, 'London', null, 'UK');
INSERT INTO HR.LOCATIONS (LOCATION_ID, STREET_ADDRESS, POSTAL_CODE, CITY, STATE_PROVINCE, COUNTRY_ID) VALUES (2500, 'Magdalen Centre, The Oxford Science Park', 'OX9 9ZB', 'Oxford', 'Oxford', 'UK');
INSERT INTO HR.LOCATIONS (LOCATION_ID, STREET_ADDRESS, POSTAL_CODE, CITY, STATE_PROVINCE, COUNTRY_ID) VALUES (2600, '9702 Chester Road', '09629850293', 'Stretford', 'Manchester', 'UK');
INSERT INTO HR.LOCATIONS (LOCATION_ID, STREET_ADDRESS, POSTAL_CODE, CITY, STATE_PROVINCE, COUNTRY_ID) VALUES (2700, 'Schwanthalerstr. 7031', '80925', 'Munich', 'Bavaria', 'DE');
INSERT INTO HR.LOCATIONS (LOCATION_ID, STREET_ADDRESS, POSTAL_CODE, CITY, STATE_PROVINCE, COUNTRY_ID) VALUES (2800, 'Rua Frei Caneca 1360 ', '01307-002', 'Sao Paulo', 'Sao Paulo', 'BR');
INSERT INTO HR.LOCATIONS (LOCATION_ID, STREET_ADDRESS, POSTAL_CODE, CITY, STATE_PROVINCE, COUNTRY_ID) VALUES (2900, '20 Rue des Corps-Saints', '1730', 'Geneva', 'Geneve', 'CH');
INSERT INTO HR.LOCATIONS (LOCATION_ID, STREET_ADDRESS, POSTAL_CODE, CITY, STATE_PROVINCE, COUNTRY_ID) VALUES (3000, 'Murtenstrasse 921', '3095', 'Bern', 'BE', 'CH');
INSERT INTO HR.LOCATIONS (LOCATION_ID, STREET_ADDRESS, POSTAL_CODE, CITY, STATE_PROVINCE, COUNTRY_ID) VALUES (3100, 'Pieter Breughelstraat 837', '3029SK', 'Utrecht', 'Utrecht', 'NL');
INSERT INTO HR.LOCATIONS (LOCATION_ID, STREET_ADDRESS, POSTAL_CODE, CITY, STATE_PROVINCE, COUNTRY_ID) VALUES (3200, 'Mariano Escobedo 9991', '11932', 'Mexico City', 'Distrito Federal,', 'MX');
create table HR.JOBS(JOB_ID     VARCHAR(10) not null constraint JOB_ID_PK primary key,JOB_TITLE  VARCHAR(35) not null constraint JOB_TITLE_NN check ("JOB_TITLE" IS NOT NULL),MIN_SALARY NUMERIC(6),MAX_SALARY NUMERIC(6));
comment on table HR.JOBS is 'jobs table with job titles and salary ranges. Contains 19 rows. References with employees and job_history table.';
comment on column HR.JOBS.JOB_ID is 'Primary key of jobs table.';
comment on column HR.JOBS.JOB_TITLE is 'A not null column that shows job title, e.g. AD_VP, FI_ACCOUNTANT';
comment on column HR.JOBS.MIN_SALARY is 'Minimum salary for a job title.';
comment on column HR.JOBS.MAX_SALARY is 'Maximum salary for a job title';
INSERT INTO HR.JOBS (JOB_ID, JOB_TITLE, MIN_SALARY, MAX_SALARY) VALUES ('AD_PRES', 'President', 20080, 40000);
INSERT INTO HR.JOBS (JOB_ID, JOB_TITLE, MIN_SALARY, MAX_SALARY) VALUES ('AD_VP', 'Administration Vice President', 15000, 30000);
INSERT INTO HR.JOBS (JOB_ID, JOB_TITLE, MIN_SALARY, MAX_SALARY) VALUES ('AD_ASST', 'Administration Assistant', 3000, 6000);
INSERT INTO HR.JOBS (JOB_ID, JOB_TITLE, MIN_SALARY, MAX_SALARY) VALUES ('FI_MGR', 'Finance Manager', 8200, 16000);
INSERT INTO HR.JOBS (JOB_ID, JOB_TITLE, MIN_SALARY, MAX_SALARY) VALUES ('FI_ACCOUNT', 'Accountant', 4200, 9000);
INSERT INTO HR.JOBS (JOB_ID, JOB_TITLE, MIN_SALARY, MAX_SALARY) VALUES ('AC_MGR', 'Accounting Manager', 8200, 16000);
INSERT INTO HR.JOBS (JOB_ID, JOB_TITLE, MIN_SALARY, MAX_SALARY) VALUES ('AC_ACCOUNT', 'Public Accountant', 4200, 9000);
INSERT INTO HR.JOBS (JOB_ID, JOB_TITLE, MIN_SALARY, MAX_SALARY) VALUES ('SA_MAN', 'Sales Manager', 10000, 20080);
INSERT INTO HR.JOBS (JOB_ID, JOB_TITLE, MIN_SALARY, MAX_SALARY) VALUES ('SA_REP', 'Sales Representative', 6000, 12008);
INSERT INTO HR.JOBS (JOB_ID, JOB_TITLE, MIN_SALARY, MAX_SALARY) VALUES ('PU_MAN', 'Purchasing Manager', 8000, 15000);
INSERT INTO HR.JOBS (JOB_ID, JOB_TITLE, MIN_SALARY, MAX_SALARY) VALUES ('PU_CLERK', 'Purchasing Clerk', 2500, 5500);
INSERT INTO HR.JOBS (JOB_ID, JOB_TITLE, MIN_SALARY, MAX_SALARY) VALUES ('ST_MAN', 'Stock Manager', 5500, 8500);
INSERT INTO HR.JOBS (JOB_ID, JOB_TITLE, MIN_SALARY, MAX_SALARY) VALUES ('ST_CLERK', 'Stock Clerk', 2008, 5000);
INSERT INTO HR.JOBS (JOB_ID, JOB_TITLE, MIN_SALARY, MAX_SALARY) VALUES ('SH_CLERK', 'Shipping Clerk', 2500, 5500);
INSERT INTO HR.JOBS (JOB_ID, JOB_TITLE, MIN_SALARY, MAX_SALARY) VALUES ('IT_PROG', 'Programmer', 4000, 10000);
INSERT INTO HR.JOBS (JOB_ID, JOB_TITLE, MIN_SALARY, MAX_SALARY) VALUES ('MK_MAN', 'Marketing Manager', 9000, 15000);
INSERT INTO HR.JOBS (JOB_ID, JOB_TITLE, MIN_SALARY, MAX_SALARY) VALUES ('MK_REP', 'Marketing Representative', 4000, 9000);
INSERT INTO HR.JOBS (JOB_ID, JOB_TITLE, MIN_SALARY, MAX_SALARY) VALUES ('HR_REP', 'Human Resources Representative', 4000, 9000);
INSERT INTO HR.JOBS (JOB_ID, JOB_TITLE, MIN_SALARY, MAX_SALARY) VALUES ('PR_REP', 'Public Relations Representative', 4500, 10500);
create table HR.DEPARTMENTS(DEPARTMENT_ID   NUMERIC(4)   not null constraint DEPT_ID_PK primary key,DEPARTMENT_NAME VARCHAR(30) not null constraint DEPT_NAME_NN check ("DEPARTMENT_NAME" IS NOT NULL),MANAGER_ID      NUMERIC(6),LOCATION_ID     NUMERIC(4)constraint DEPT_LOC_FK references HR.LOCATIONS);
comment on table HR.DEPARTMENTS is 'Departments table that shows details of departments where employees work. Contains 27 rows; references with locations, employees, and job_history tables.';
comment on column HR.DEPARTMENTS.DEPARTMENT_ID is 'Primary key column of departments table.';
comment on column HR.DEPARTMENTS.DEPARTMENT_NAME is 'A not null column that shows name of a department. Administration, Marketing, Purchasing, Human Resources, Shipping, IT, Executive, Public Relations, Sales, Finance, and Accounting.';
comment on column HR.DEPARTMENTS.MANAGER_ID is 'Manager_id of a department. Foreign key to employee_id column of employees table. The manager_id column of the employee table references this column.';
comment on column HR.DEPARTMENTS.LOCATION_ID is 'Location id where a department is located. Foreign key to location_id column of locations table.';
create index HR.DEPT_LOCATION_IX on HR.DEPARTMENTS (LOCATION_ID);
INSERT INTO HR.DEPARTMENTS (DEPARTMENT_ID, DEPARTMENT_NAME, MANAGER_ID, LOCATION_ID) VALUES (10, 'Administration', 200, 1700);
INSERT INTO HR.DEPARTMENTS (DEPARTMENT_ID, DEPARTMENT_NAME, MANAGER_ID, LOCATION_ID) VALUES (20, 'Marketing', 201, 1800);
INSERT INTO HR.DEPARTMENTS (DEPARTMENT_ID, DEPARTMENT_NAME, MANAGER_ID, LOCATION_ID) VALUES (30, 'Purchasing', 114, 1700);
INSERT INTO HR.DEPARTMENTS (DEPARTMENT_ID, DEPARTMENT_NAME, MANAGER_ID, LOCATION_ID) VALUES (40, 'Human Resources', 203, 2400);
INSERT INTO HR.DEPARTMENTS (DEPARTMENT_ID, DEPARTMENT_NAME, MANAGER_ID, LOCATION_ID) VALUES (50, 'Shipping', 121, 1500);
INSERT INTO HR.DEPARTMENTS (DEPARTMENT_ID, DEPARTMENT_NAME, MANAGER_ID, LOCATION_ID) VALUES (60, 'IT', 103, 1400);
INSERT INTO HR.DEPARTMENTS (DEPARTMENT_ID, DEPARTMENT_NAME, MANAGER_ID, LOCATION_ID) VALUES (70, 'Public Relations', 204, 2700);
INSERT INTO HR.DEPARTMENTS (DEPARTMENT_ID, DEPARTMENT_NAME, MANAGER_ID, LOCATION_ID) VALUES (80, 'Sales', 145, 2500);
INSERT INTO HR.DEPARTMENTS (DEPARTMENT_ID, DEPARTMENT_NAME, MANAGER_ID, LOCATION_ID) VALUES (90, 'Executive', 100, 1700);
INSERT INTO HR.DEPARTMENTS (DEPARTMENT_ID, DEPARTMENT_NAME, MANAGER_ID, LOCATION_ID) VALUES (100, 'Finance', 108, 1700);
INSERT INTO HR.DEPARTMENTS (DEPARTMENT_ID, DEPARTMENT_NAME, MANAGER_ID, LOCATION_ID) VALUES (110, 'Accounting', 205, 1700);
INSERT INTO HR.DEPARTMENTS (DEPARTMENT_ID, DEPARTMENT_NAME, MANAGER_ID, LOCATION_ID) VALUES (120, 'Treasury', null, 1700);
INSERT INTO HR.DEPARTMENTS (DEPARTMENT_ID, DEPARTMENT_NAME, MANAGER_ID, LOCATION_ID) VALUES (130, 'Corporate Tax', null, 1700);
INSERT INTO HR.DEPARTMENTS (DEPARTMENT_ID, DEPARTMENT_NAME, MANAGER_ID, LOCATION_ID) VALUES (140, 'Control And Credit', null, 1700);
INSERT INTO HR.DEPARTMENTS (DEPARTMENT_ID, DEPARTMENT_NAME, MANAGER_ID, LOCATION_ID) VALUES (150, 'Shareholder Services', null, 1700);
INSERT INTO HR.DEPARTMENTS (DEPARTMENT_ID, DEPARTMENT_NAME, MANAGER_ID, LOCATION_ID) VALUES (160, 'Benefits', null, 1700);
INSERT INTO HR.DEPARTMENTS (DEPARTMENT_ID, DEPARTMENT_NAME, MANAGER_ID, LOCATION_ID) VALUES (170, 'Manufacturing', null, 1700);
INSERT INTO HR.DEPARTMENTS (DEPARTMENT_ID, DEPARTMENT_NAME, MANAGER_ID, LOCATION_ID) VALUES (180, 'Construction', null, 1700);
INSERT INTO HR.DEPARTMENTS (DEPARTMENT_ID, DEPARTMENT_NAME, MANAGER_ID, LOCATION_ID) VALUES (190, 'Contracting', null, 1700);
INSERT INTO HR.DEPARTMENTS (DEPARTMENT_ID, DEPARTMENT_NAME, MANAGER_ID, LOCATION_ID) VALUES (200, 'Operations', null, 1700);
INSERT INTO HR.DEPARTMENTS (DEPARTMENT_ID, DEPARTMENT_NAME, MANAGER_ID, LOCATION_ID) VALUES (210, 'IT Support', null, 1700);
INSERT INTO HR.DEPARTMENTS (DEPARTMENT_ID, DEPARTMENT_NAME, MANAGER_ID, LOCATION_ID) VALUES (220, 'NOC', null, 1700);
INSERT INTO HR.DEPARTMENTS (DEPARTMENT_ID, DEPARTMENT_NAME, MANAGER_ID, LOCATION_ID) VALUES (230, 'IT Helpdesk', null, 1700);
INSERT INTO HR.DEPARTMENTS (DEPARTMENT_ID, DEPARTMENT_NAME, MANAGER_ID, LOCATION_ID) VALUES (240, 'Government Sales', null, 1700);
INSERT INTO HR.DEPARTMENTS (DEPARTMENT_ID, DEPARTMENT_NAME, MANAGER_ID, LOCATION_ID) VALUES (250, 'Retail Sales', null, 1700);
INSERT INTO HR.DEPARTMENTS (DEPARTMENT_ID, DEPARTMENT_NAME, MANAGER_ID, LOCATION_ID) VALUES (260, 'Recruiting', null, 1700);
INSERT INTO HR.DEPARTMENTS (DEPARTMENT_ID, DEPARTMENT_NAME, MANAGER_ID, LOCATION_ID) VALUES (270, 'Payroll', null, 1700);
create table HR.EMPLOYEES(EMPLOYEE_ID    NUMERIC(6)   not null constraint EMP_EMP_ID_PK primary key,FIRST_NAME     VARCHAR(20),LAST_NAME      VARCHAR(25) not null constraint EMP_LAST_NAME_NN check ("LAST_NAME" IS NOT NULL),EMAIL          VARCHAR(25) not null constraint EMP_EMAIL_UK unique constraint EMP_EMAIL_NN check ("EMAIL" IS NOT NULL),PHONE_NUMBER   VARCHAR(20),HIRE_DATE      DATE        not null constraint EMP_HIRE_DATE_NN check ("HIRE_DATE" IS NOT NULL),JOB_ID         VARCHAR(10) not null constraint EMP_JOB_FK references HR.JOBS constraint EMP_JOB_NN check ("JOB_ID" IS NOT NULL),SALARY         NUMERIC(8, 2)constraint EMP_SALARY_MIN check (salary > 0),COMMISSION_PCT NUMERIC(2, 2),MANAGER_ID     NUMERIC(6)constraint EMP_MANAGER_FK references HR.EMPLOYEES,DEPARTMENT_ID  NUMERIC(4)constraint EMP_DEPT_FK references HR.DEPARTMENTS);
comment on table HR.EMPLOYEES is 'employees table. Contains 107 rows. References with departments, jobs, job_history tables. Contains a self reference.';
comment on column HR.EMPLOYEES.EMPLOYEE_ID is 'Primary key of employees table.';
comment on column HR.EMPLOYEES.FIRST_NAME is 'First name of the employee. A not null column.';
comment on column HR.EMPLOYEES.LAST_NAME is 'Last name of the employee. A not null column.';
comment on column HR.EMPLOYEES.EMAIL is 'Email id of the employee';
comment on column HR.EMPLOYEES.PHONE_NUMBER is 'Phone number of the employee; includes country code and area code';
comment on column HR.EMPLOYEES.HIRE_DATE is 'Date when the employee started on this job. A not null column.';
comment on column HR.EMPLOYEES.JOB_ID is 'Current job of the employee; foreign key to job_id column of the jobs table. A not null column.';
comment on column HR.EMPLOYEES.SALARY is 'Monthly salary of the employee. Must be greater than zero (enforced by constraint emp_salary_min)';
comment on column HR.EMPLOYEES.COMMISSION_PCT is 'Commission percentage of the employee; Only employees in sales department elgible for commission percentage';
comment on column HR.EMPLOYEES.MANAGER_ID is 'Manager id of the employee; has same domain as manager_id in departments table. Foreign key to employee_id column of employees table. (useful for reflexive joins and CONNECT BY query)';
comment on column HR.EMPLOYEES.DEPARTMENT_ID is 'Department id where employee works; foreign key to department_id column of the departments table';
create index HR.EMP_DEPARTMENT_IX on HR.EMPLOYEES (DEPARTMENT_ID);
create index HR.EMP_JOB_IX on HR.EMPLOYEES (JOB_ID);
create index HR.EMP_MANAGER_IX on HR.EMPLOYEES (MANAGER_ID);
create index HR.EMP_NAME_IX on HR.EMPLOYEES (LAST_NAME, FIRST_NAME);
INSERT INTO HR.EMPLOYEES (EMPLOYEE_ID, FIRST_NAME, LAST_NAME, EMAIL, PHONE_NUMBER, HIRE_DATE, JOB_ID, SALARY, COMMISSION_PCT, MANAGER_ID, DEPARTMENT_ID) VALUES (100, 'Steven', 'King', 'SKING', '515.123.4567', TO_DATE('2003-06-17 00:00:00', 'YYYY-MM-DD HH24:MI:SS'), 'AD_PRES', 24000.00, null, null, 90);
INSERT INTO HR.EMPLOYEES (EMPLOYEE_ID, FIRST_NAME, LAST_NAME, EMAIL, PHONE_NUMBER, HIRE_DATE, JOB_ID, SALARY, COMMISSION_PCT, MANAGER_ID, DEPARTMENT_ID) VALUES (101, 'Neena', 'Kochhar', 'NKOCHHAR', '515.123.4568', TO_DATE('2005-09-21 00:00:00', 'YYYY-MM-DD HH24:MI:SS'), 'AD_VP', 17000.00, null, 100, 90);
INSERT INTO HR.EMPLOYEES (EMPLOYEE_ID, FIRST_NAME, LAST_NAME, EMAIL, PHONE_NUMBER, HIRE_DATE, JOB_ID, SALARY, COMMISSION_PCT, MANAGER_ID, DEPARTMENT_ID) VALUES (102, 'Lex', 'De Haan', 'LDEHAAN', '515.123.4569', TO_DATE('2001-01-13 00:00:00', 'YYYY-MM-DD HH24:MI:SS'), 'AD_VP', 17000.00, null, 100, 90);
INSERT INTO HR.EMPLOYEES (EMPLOYEE_ID, FIRST_NAME, LAST_NAME, EMAIL, PHONE_NUMBER, HIRE_DATE, JOB_ID, SALARY, COMMISSION_PCT, MANAGER_ID, DEPARTMENT_ID) VALUES (103, 'Alexander', 'Hunold', 'AHUNOLD', '590.423.4567', TO_DATE('2006-01-03 00:00:00', 'YYYY-MM-DD HH24:MI:SS'), 'IT_PROG', 9000.00, null, 102, 60);
INSERT INTO HR.EMPLOYEES (EMPLOYEE_ID, FIRST_NAME, LAST_NAME, EMAIL, PHONE_NUMBER, HIRE_DATE, JOB_ID, SALARY, COMMISSION_PCT, MANAGER_ID, DEPARTMENT_ID) VALUES (104, 'Bruce', 'Ernst', 'BERNST', '590.423.4568', TO_DATE('2007-05-21 00:00:00', 'YYYY-MM-DD HH24:MI:SS'), 'IT_PROG', 6000.00, null, 103, 60);
INSERT INTO HR.EMPLOYEES (EMPLOYEE_ID, FIRST_NAME, LAST_NAME, EMAIL, PHONE_NUMBER, HIRE_DATE, JOB_ID, SALARY, COMMISSION_PCT, MANAGER_ID, DEPARTMENT_ID) VALUES (105, 'David', 'Austin', 'DAUSTIN', '590.423.4569', TO_DATE('2005-06-25 00:00:00', 'YYYY-MM-DD HH24:MI:SS'), 'IT_PROG', 4800.00, null, 103, 60);
INSERT INTO HR.EMPLOYEES (EMPLOYEE_ID, FIRST_NAME, LAST_NAME, EMAIL, PHONE_NUMBER, HIRE_DATE, JOB_ID, SALARY, COMMISSION_PCT, MANAGER_ID, DEPARTMENT_ID) VALUES (106, 'Valli', 'Pataballa', 'VPATABAL', '590.423.4560', TO_DATE('2006-02-05 00:00:00', 'YYYY-MM-DD HH24:MI:SS'), 'IT_PROG', 4800.00, null, 103, 60);
INSERT INTO HR.EMPLOYEES (EMPLOYEE_ID, FIRST_NAME, LAST_NAME, EMAIL, PHONE_NUMBER, HIRE_DATE, JOB_ID, SALARY, COMMISSION_PCT, MANAGER_ID, DEPARTMENT_ID) VALUES (107, 'Diana', 'Lorentz', 'DLORENTZ', '590.423.5567', TO_DATE('2007-02-07 00:00:00', 'YYYY-MM-DD HH24:MI:SS'), 'IT_PROG', 4200.00, null, 103, 60);
INSERT INTO HR.EMPLOYEES (EMPLOYEE_ID, FIRST_NAME, LAST_NAME, EMAIL, PHONE_NUMBER, HIRE_DATE, JOB_ID, SALARY, COMMISSION_PCT, MANAGER_ID, DEPARTMENT_ID) VALUES (108, 'Nancy', 'Greenberg', 'NGREENBE', '515.124.4569', TO_DATE('2002-08-17 00:00:00', 'YYYY-MM-DD HH24:MI:SS'), 'FI_MGR', 12008.00, null, 101, 100);
INSERT INTO HR.EMPLOYEES (EMPLOYEE_ID, FIRST_NAME, LAST_NAME, EMAIL, PHONE_NUMBER, HIRE_DATE, JOB_ID, SALARY, COMMISSION_PCT, MANAGER_ID, DEPARTMENT_ID) VALUES (109, 'Daniel', 'Faviet', 'DFAVIET', '515.124.4169', TO_DATE('2002-08-16 00:00:00', 'YYYY-MM-DD HH24:MI:SS'), 'FI_ACCOUNT', 9000.00, null, 108, 100);
INSERT INTO HR.EMPLOYEES (EMPLOYEE_ID, FIRST_NAME, LAST_NAME, EMAIL, PHONE_NUMBER, HIRE_DATE, JOB_ID, SALARY, COMMISSION_PCT, MANAGER_ID, DEPARTMENT_ID) VALUES (110, 'John', 'Chen', 'JCHEN', '515.124.4269', TO_DATE('2005-09-28 00:00:00', 'YYYY-MM-DD HH24:MI:SS'), 'FI_ACCOUNT', 8200.00, null, 108, 100);
INSERT INTO HR.EMPLOYEES (EMPLOYEE_ID, FIRST_NAME, LAST_NAME, EMAIL, PHONE_NUMBER, HIRE_DATE, JOB_ID, SALARY, COMMISSION_PCT, MANAGER_ID, DEPARTMENT_ID) VALUES (111, 'Ismael', 'Sciarra', 'ISCIARRA', '515.124.4369', TO_DATE('2005-09-30 00:00:00', 'YYYY-MM-DD HH24:MI:SS'), 'FI_ACCOUNT', 7700.00, null, 108, 100);
INSERT INTO HR.EMPLOYEES (EMPLOYEE_ID, FIRST_NAME, LAST_NAME, EMAIL, PHONE_NUMBER, HIRE_DATE, JOB_ID, SALARY, COMMISSION_PCT, MANAGER_ID, DEPARTMENT_ID) VALUES (112, 'Jose Manuel', 'Urman', 'JMURMAN', '515.124.4469', TO_DATE('2006-03-07 00:00:00', 'YYYY-MM-DD HH24:MI:SS'), 'FI_ACCOUNT', 7800.00, null, 108, 100);
INSERT INTO HR.EMPLOYEES (EMPLOYEE_ID, FIRST_NAME, LAST_NAME, EMAIL, PHONE_NUMBER, HIRE_DATE, JOB_ID, SALARY, COMMISSION_PCT, MANAGER_ID, DEPARTMENT_ID) VALUES (113, 'Luis', 'Popp', 'LPOPP', '515.124.4567', TO_DATE('2007-12-07 00:00:00', 'YYYY-MM-DD HH24:MI:SS'), 'FI_ACCOUNT', 6900.00, null, 108, 100);
INSERT INTO HR.EMPLOYEES (EMPLOYEE_ID, FIRST_NAME, LAST_NAME, EMAIL, PHONE_NUMBER, HIRE_DATE, JOB_ID, SALARY, COMMISSION_PCT, MANAGER_ID, DEPARTMENT_ID) VALUES (114, 'Den', 'Raphaely', 'DRAPHEAL', '515.127.4561', TO_DATE('2002-12-07 00:00:00', 'YYYY-MM-DD HH24:MI:SS'), 'PU_MAN', 11000.00, null, 100, 30);
INSERT INTO HR.EMPLOYEES (EMPLOYEE_ID, FIRST_NAME, LAST_NAME, EMAIL, PHONE_NUMBER, HIRE_DATE, JOB_ID, SALARY, COMMISSION_PCT, MANAGER_ID, DEPARTMENT_ID) VALUES (115, 'Alexander', 'Khoo', 'AKHOO', '515.127.4562', TO_DATE('2003-05-18 00:00:00', 'YYYY-MM-DD HH24:MI:SS'), 'PU_CLERK', 3100.00, null, 114, 30);
INSERT INTO HR.EMPLOYEES (EMPLOYEE_ID, FIRST_NAME, LAST_NAME, EMAIL, PHONE_NUMBER, HIRE_DATE, JOB_ID, SALARY, COMMISSION_PCT, MANAGER_ID, DEPARTMENT_ID) VALUES (116, 'Shelli', 'Baida', 'SBAIDA', '515.127.4563', TO_DATE('2005-12-24 00:00:00', 'YYYY-MM-DD HH24:MI:SS'), 'PU_CLERK', 2900.00, null, 114, 30);
INSERT INTO HR.EMPLOYEES (EMPLOYEE_ID, FIRST_NAME, LAST_NAME, EMAIL, PHONE_NUMBER, HIRE_DATE, JOB_ID, SALARY, COMMISSION_PCT, MANAGER_ID, DEPARTMENT_ID) VALUES (117, 'Sigal', 'Tobias', 'STOBIAS', '515.127.4564', TO_DATE('2005-07-24 00:00:00', 'YYYY-MM-DD HH24:MI:SS'), 'PU_CLERK', 2800.00, null, 114, 30);
INSERT INTO HR.EMPLOYEES (EMPLOYEE_ID, FIRST_NAME, LAST_NAME, EMAIL, PHONE_NUMBER, HIRE_DATE, JOB_ID, SALARY, COMMISSION_PCT, MANAGER_ID, DEPARTMENT_ID) VALUES (118, 'Guy', 'Himuro', 'GHIMURO', '515.127.4565', TO_DATE('2006-11-15 00:00:00', 'YYYY-MM-DD HH24:MI:SS'), 'PU_CLERK', 2600.00, null, 114, 30);
INSERT INTO HR.EMPLOYEES (EMPLOYEE_ID, FIRST_NAME, LAST_NAME, EMAIL, PHONE_NUMBER, HIRE_DATE, JOB_ID, SALARY, COMMISSION_PCT, MANAGER_ID, DEPARTMENT_ID) VALUES (119, 'Karen', 'Colmenares', 'KCOLMENA', '515.127.4566', TO_DATE('2007-08-10 00:00:00', 'YYYY-MM-DD HH24:MI:SS'), 'PU_CLERK', 2500.00, null, 114, 30);
INSERT INTO HR.EMPLOYEES (EMPLOYEE_ID, FIRST_NAME, LAST_NAME, EMAIL, PHONE_NUMBER, HIRE_DATE, JOB_ID, SALARY, COMMISSION_PCT, MANAGER_ID, DEPARTMENT_ID) VALUES (120, 'Matthew', 'Weiss', 'MWEISS', '650.123.1234', TO_DATE('2004-07-18 00:00:00', 'YYYY-MM-DD HH24:MI:SS'), 'ST_MAN', 8000.00, null, 100, 50);
INSERT INTO HR.EMPLOYEES (EMPLOYEE_ID, FIRST_NAME, LAST_NAME, EMAIL, PHONE_NUMBER, HIRE_DATE, JOB_ID, SALARY, COMMISSION_PCT, MANAGER_ID, DEPARTMENT_ID) VALUES (121, 'Adam', 'Fripp', 'AFRIPP', '650.123.2234', TO_DATE('2005-04-10 00:00:00', 'YYYY-MM-DD HH24:MI:SS'), 'ST_MAN', 8200.00, null, 100, 50);
INSERT INTO HR.EMPLOYEES (EMPLOYEE_ID, FIRST_NAME, LAST_NAME, EMAIL, PHONE_NUMBER, HIRE_DATE, JOB_ID, SALARY, COMMISSION_PCT, MANAGER_ID, DEPARTMENT_ID) VALUES (122, 'Payam', 'Kaufling', 'PKAUFLIN', '650.123.3234', TO_DATE('2003-05-01 00:00:00', 'YYYY-MM-DD HH24:MI:SS'), 'ST_MAN', 7900.00, null, 100, 50);
INSERT INTO HR.EMPLOYEES (EMPLOYEE_ID, FIRST_NAME, LAST_NAME, EMAIL, PHONE_NUMBER, HIRE_DATE, JOB_ID, SALARY, COMMISSION_PCT, MANAGER_ID, DEPARTMENT_ID) VALUES (123, 'Shanta', 'Vollman', 'SVOLLMAN', '650.123.4234', TO_DATE('2005-10-10 00:00:00', 'YYYY-MM-DD HH24:MI:SS'), 'ST_MAN', 6500.00, null, 100, 50);
INSERT INTO HR.EMPLOYEES (EMPLOYEE_ID, FIRST_NAME, LAST_NAME, EMAIL, PHONE_NUMBER, HIRE_DATE, JOB_ID, SALARY, COMMISSION_PCT, MANAGER_ID, DEPARTMENT_ID) VALUES (124, 'Kevin', 'Mourgos', 'KMOURGOS', '650.123.5234', TO_DATE('2007-11-16 00:00:00', 'YYYY-MM-DD HH24:MI:SS'), 'ST_MAN', 5800.00, null, 100, 50);
INSERT INTO HR.EMPLOYEES (EMPLOYEE_ID, FIRST_NAME, LAST_NAME, EMAIL, PHONE_NUMBER, HIRE_DATE, JOB_ID, SALARY, COMMISSION_PCT, MANAGER_ID, DEPARTMENT_ID) VALUES (125, 'Julia', 'Nayer', 'JNAYER', '650.124.1214', TO_DATE('2005-07-16 00:00:00', 'YYYY-MM-DD HH24:MI:SS'), 'ST_CLERK', 3200.00, null, 120, 50);
INSERT INTO HR.EMPLOYEES (EMPLOYEE_ID, FIRST_NAME, LAST_NAME, EMAIL, PHONE_NUMBER, HIRE_DATE, JOB_ID, SALARY, COMMISSION_PCT, MANAGER_ID, DEPARTMENT_ID) VALUES (126, 'Irene', 'Mikkilineni', 'IMIKKILI', '650.124.1224', TO_DATE('2006-09-28 00:00:00', 'YYYY-MM-DD HH24:MI:SS'), 'ST_CLERK', 2700.00, null, 120, 50);
INSERT INTO HR.EMPLOYEES (EMPLOYEE_ID, FIRST_NAME, LAST_NAME, EMAIL, PHONE_NUMBER, HIRE_DATE, JOB_ID, SALARY, COMMISSION_PCT, MANAGER_ID, DEPARTMENT_ID) VALUES (127, 'James', 'Landry', 'JLANDRY', '650.124.1334', TO_DATE('2007-01-14 00:00:00', 'YYYY-MM-DD HH24:MI:SS'), 'ST_CLERK', 2400.00, null, 120, 50);
INSERT INTO HR.EMPLOYEES (EMPLOYEE_ID, FIRST_NAME, LAST_NAME, EMAIL, PHONE_NUMBER, HIRE_DATE, JOB_ID, SALARY, COMMISSION_PCT, MANAGER_ID, DEPARTMENT_ID) VALUES (128, 'Steven', 'Markle', 'SMARKLE', '650.124.1434', TO_DATE('2008-03-08 00:00:00', 'YYYY-MM-DD HH24:MI:SS'), 'ST_CLERK', 2200.00, null, 120, 50);
INSERT INTO HR.EMPLOYEES (EMPLOYEE_ID, FIRST_NAME, LAST_NAME, EMAIL, PHONE_NUMBER, HIRE_DATE, JOB_ID, SALARY, COMMISSION_PCT, MANAGER_ID, DEPARTMENT_ID) VALUES (129, 'Laura', 'Bissot', 'LBISSOT', '650.124.5234', TO_DATE('2005-08-20 00:00:00', 'YYYY-MM-DD HH24:MI:SS'), 'ST_CLERK', 3300.00, null, 121, 50);
INSERT INTO HR.EMPLOYEES (EMPLOYEE_ID, FIRST_NAME, LAST_NAME, EMAIL, PHONE_NUMBER, HIRE_DATE, JOB_ID, SALARY, COMMISSION_PCT, MANAGER_ID, DEPARTMENT_ID) VALUES (130, 'Mozhe', 'Atkinson', 'MATKINSO', '650.124.6234', TO_DATE('2005-10-30 00:00:00', 'YYYY-MM-DD HH24:MI:SS'), 'ST_CLERK', 2800.00, null, 121, 50);
INSERT INTO HR.EMPLOYEES (EMPLOYEE_ID, FIRST_NAME, LAST_NAME, EMAIL, PHONE_NUMBER, HIRE_DATE, JOB_ID, SALARY, COMMISSION_PCT, MANAGER_ID, DEPARTMENT_ID) VALUES (131, 'James', 'Marlow', 'JAMRLOW', '650.124.7234', TO_DATE('2005-02-16 00:00:00', 'YYYY-MM-DD HH24:MI:SS'), 'ST_CLERK', 2500.00, null, 121, 50);
INSERT INTO HR.EMPLOYEES (EMPLOYEE_ID, FIRST_NAME, LAST_NAME, EMAIL, PHONE_NUMBER, HIRE_DATE, JOB_ID, SALARY, COMMISSION_PCT, MANAGER_ID, DEPARTMENT_ID) VALUES (132, 'TJ', 'Olson', 'TJOLSON', '650.124.8234', TO_DATE('2007-04-10 00:00:00', 'YYYY-MM-DD HH24:MI:SS'), 'ST_CLERK', 2100.00, null, 121, 50);
INSERT INTO HR.EMPLOYEES (EMPLOYEE_ID, FIRST_NAME, LAST_NAME, EMAIL, PHONE_NUMBER, HIRE_DATE, JOB_ID, SALARY, COMMISSION_PCT, MANAGER_ID, DEPARTMENT_ID) VALUES (133, 'Jason', 'Mallin', 'JMALLIN', '650.127.1934', TO_DATE('2004-06-14 00:00:00', 'YYYY-MM-DD HH24:MI:SS'), 'ST_CLERK', 3300.00, null, 122, 50);
INSERT INTO HR.EMPLOYEES (EMPLOYEE_ID, FIRST_NAME, LAST_NAME, EMAIL, PHONE_NUMBER, HIRE_DATE, JOB_ID, SALARY, COMMISSION_PCT, MANAGER_ID, DEPARTMENT_ID) VALUES (134, 'Michael', 'Rogers', 'MROGERS', '650.127.1834', TO_DATE('2006-08-26 00:00:00', 'YYYY-MM-DD HH24:MI:SS'), 'ST_CLERK', 2900.00, null, 122, 50);
INSERT INTO HR.EMPLOYEES (EMPLOYEE_ID, FIRST_NAME, LAST_NAME, EMAIL, PHONE_NUMBER, HIRE_DATE, JOB_ID, SALARY, COMMISSION_PCT, MANAGER_ID, DEPARTMENT_ID) VALUES (135, 'Ki', 'Gee', 'KGEE', '650.127.1734', TO_DATE('2007-12-12 00:00:00', 'YYYY-MM-DD HH24:MI:SS'), 'ST_CLERK', 2400.00, null, 122, 50);
INSERT INTO HR.EMPLOYEES (EMPLOYEE_ID, FIRST_NAME, LAST_NAME, EMAIL, PHONE_NUMBER, HIRE_DATE, JOB_ID, SALARY, COMMISSION_PCT, MANAGER_ID, DEPARTMENT_ID) VALUES (136, 'Hazel', 'Philtanker', 'HPHILTAN', '650.127.1634', TO_DATE('2008-02-06 00:00:00', 'YYYY-MM-DD HH24:MI:SS'), 'ST_CLERK', 2200.00, null, 122, 50);
INSERT INTO HR.EMPLOYEES (EMPLOYEE_ID, FIRST_NAME, LAST_NAME, EMAIL, PHONE_NUMBER, HIRE_DATE, JOB_ID, SALARY, COMMISSION_PCT, MANAGER_ID, DEPARTMENT_ID) VALUES (137, 'Renske', 'Ladwig', 'RLADWIG', '650.121.1234', TO_DATE('2003-07-14 00:00:00', 'YYYY-MM-DD HH24:MI:SS'), 'ST_CLERK', 3600.00, null, 123, 50);
INSERT INTO HR.EMPLOYEES (EMPLOYEE_ID, FIRST_NAME, LAST_NAME, EMAIL, PHONE_NUMBER, HIRE_DATE, JOB_ID, SALARY, COMMISSION_PCT, MANAGER_ID, DEPARTMENT_ID) VALUES (138, 'Stephen', 'Stiles', 'SSTILES', '650.121.2034', TO_DATE('2005-10-26 00:00:00', 'YYYY-MM-DD HH24:MI:SS'), 'ST_CLERK', 3200.00, null, 123, 50);
INSERT INTO HR.EMPLOYEES (EMPLOYEE_ID, FIRST_NAME, LAST_NAME, EMAIL, PHONE_NUMBER, HIRE_DATE, JOB_ID, SALARY, COMMISSION_PCT, MANAGER_ID, DEPARTMENT_ID) VALUES (139, 'John', 'Seo', 'JSEO', '650.121.2019', TO_DATE('2006-02-12 00:00:00', 'YYYY-MM-DD HH24:MI:SS'), 'ST_CLERK', 2700.00, null, 123, 50);
INSERT INTO HR.EMPLOYEES (EMPLOYEE_ID, FIRST_NAME, LAST_NAME, EMAIL, PHONE_NUMBER, HIRE_DATE, JOB_ID, SALARY, COMMISSION_PCT, MANAGER_ID, DEPARTMENT_ID) VALUES (140, 'Joshua', 'Patel', 'JPATEL', '650.121.1834', TO_DATE('2006-04-06 00:00:00', 'YYYY-MM-DD HH24:MI:SS'), 'ST_CLERK', 2500.00, null, 123, 50);
INSERT INTO HR.EMPLOYEES (EMPLOYEE_ID, FIRST_NAME, LAST_NAME, EMAIL, PHONE_NUMBER, HIRE_DATE, JOB_ID, SALARY, COMMISSION_PCT, MANAGER_ID, DEPARTMENT_ID) VALUES (141, 'Trenna', 'Rajs', 'TRAJS', '650.121.8009', TO_DATE('2003-10-17 00:00:00', 'YYYY-MM-DD HH24:MI:SS'), 'ST_CLERK', 3500.00, null, 124, 50);
INSERT INTO HR.EMPLOYEES (EMPLOYEE_ID, FIRST_NAME, LAST_NAME, EMAIL, PHONE_NUMBER, HIRE_DATE, JOB_ID, SALARY, COMMISSION_PCT, MANAGER_ID, DEPARTMENT_ID) VALUES (142, 'Curtis', 'Davies', 'CDAVIES', '650.121.2994', TO_DATE('2005-01-29 00:00:00', 'YYYY-MM-DD HH24:MI:SS'), 'ST_CLERK', 3100.00, null, 124, 50);
INSERT INTO HR.EMPLOYEES (EMPLOYEE_ID, FIRST_NAME, LAST_NAME, EMAIL, PHONE_NUMBER, HIRE_DATE, JOB_ID, SALARY, COMMISSION_PCT, MANAGER_ID, DEPARTMENT_ID) VALUES (143, 'Randall', 'Matos', 'RMATOS', '650.121.2874', TO_DATE('2006-03-15 00:00:00', 'YYYY-MM-DD HH24:MI:SS'), 'ST_CLERK', 2600.00, null, 124, 50);
INSERT INTO HR.EMPLOYEES (EMPLOYEE_ID, FIRST_NAME, LAST_NAME, EMAIL, PHONE_NUMBER, HIRE_DATE, JOB_ID, SALARY, COMMISSION_PCT, MANAGER_ID, DEPARTMENT_ID) VALUES (144, 'Peter', 'Vargas', 'PVARGAS', '650.121.2004', TO_DATE('2006-07-09 00:00:00', 'YYYY-MM-DD HH24:MI:SS'), 'ST_CLERK', 2500.00, null, 124, 50);
INSERT INTO HR.EMPLOYEES (EMPLOYEE_ID, FIRST_NAME, LAST_NAME, EMAIL, PHONE_NUMBER, HIRE_DATE, JOB_ID, SALARY, COMMISSION_PCT, MANAGER_ID, DEPARTMENT_ID) VALUES (145, 'John', 'Russell', 'JRUSSEL', '011.44.1344.429268', TO_DATE('2004-10-01 00:00:00', 'YYYY-MM-DD HH24:MI:SS'), 'SA_MAN', 14000.00, 0.40, 100, 80);
INSERT INTO HR.EMPLOYEES (EMPLOYEE_ID, FIRST_NAME, LAST_NAME, EMAIL, PHONE_NUMBER, HIRE_DATE, JOB_ID, SALARY, COMMISSION_PCT, MANAGER_ID, DEPARTMENT_ID) VALUES (146, 'Karen', 'Partners', 'KPARTNER', '011.44.1344.467268', TO_DATE('2005-01-05 00:00:00', 'YYYY-MM-DD HH24:MI:SS'), 'SA_MAN', 13500.00, 0.30, 100, 80);
INSERT INTO HR.EMPLOYEES (EMPLOYEE_ID, FIRST_NAME, LAST_NAME, EMAIL, PHONE_NUMBER, HIRE_DATE, JOB_ID, SALARY, COMMISSION_PCT, MANAGER_ID, DEPARTMENT_ID) VALUES (147, 'Alberto', 'Errazuriz', 'AERRAZUR', '011.44.1344.429278', TO_DATE('2005-03-10 00:00:00', 'YYYY-MM-DD HH24:MI:SS'), 'SA_MAN', 12000.00, 0.30, 100, 80);
INSERT INTO HR.EMPLOYEES (EMPLOYEE_ID, FIRST_NAME, LAST_NAME, EMAIL, PHONE_NUMBER, HIRE_DATE, JOB_ID, SALARY, COMMISSION_PCT, MANAGER_ID, DEPARTMENT_ID) VALUES (148, 'Gerald', 'Cambrault', 'GCAMBRAU', '011.44.1344.619268', TO_DATE('2007-10-15 00:00:00', 'YYYY-MM-DD HH24:MI:SS'), 'SA_MAN', 11000.00, 0.30, 100, 80);
INSERT INTO HR.EMPLOYEES (EMPLOYEE_ID, FIRST_NAME, LAST_NAME, EMAIL, PHONE_NUMBER, HIRE_DATE, JOB_ID, SALARY, COMMISSION_PCT, MANAGER_ID, DEPARTMENT_ID) VALUES (149, 'Eleni', 'Zlotkey', 'EZLOTKEY', '011.44.1344.429018', TO_DATE('2008-01-29 00:00:00', 'YYYY-MM-DD HH24:MI:SS'), 'SA_MAN', 10500.00, 0.20, 100, 80);
INSERT INTO HR.EMPLOYEES (EMPLOYEE_ID, FIRST_NAME, LAST_NAME, EMAIL, PHONE_NUMBER, HIRE_DATE, JOB_ID, SALARY, COMMISSION_PCT, MANAGER_ID, DEPARTMENT_ID) VALUES (150, 'Peter', 'Tucker', 'PTUCKER', '011.44.1344.129268', TO_DATE('2005-01-30 00:00:00', 'YYYY-MM-DD HH24:MI:SS'), 'SA_REP', 10000.00, 0.30, 145, 80);
INSERT INTO HR.EMPLOYEES (EMPLOYEE_ID, FIRST_NAME, LAST_NAME, EMAIL, PHONE_NUMBER, HIRE_DATE, JOB_ID, SALARY, COMMISSION_PCT, MANAGER_ID, DEPARTMENT_ID) VALUES (151, 'David', 'Bernstein', 'DBERNSTE', '011.44.1344.345268', TO_DATE('2005-03-24 00:00:00', 'YYYY-MM-DD HH24:MI:SS'), 'SA_REP', 9500.00, 0.25, 145, 80);
INSERT INTO HR.EMPLOYEES (EMPLOYEE_ID, FIRST_NAME, LAST_NAME, EMAIL, PHONE_NUMBER, HIRE_DATE, JOB_ID, SALARY, COMMISSION_PCT, MANAGER_ID, DEPARTMENT_ID) VALUES (152, 'Peter', 'Hall', 'PHALL', '011.44.1344.478968', TO_DATE('2005-08-20 00:00:00', 'YYYY-MM-DD HH24:MI:SS'), 'SA_REP', 9000.00, 0.25, 145, 80);
INSERT INTO HR.EMPLOYEES (EMPLOYEE_ID, FIRST_NAME, LAST_NAME, EMAIL, PHONE_NUMBER, HIRE_DATE, JOB_ID, SALARY, COMMISSION_PCT, MANAGER_ID, DEPARTMENT_ID) VALUES (153, 'Christopher', 'Olsen', 'COLSEN', '011.44.1344.498718', TO_DATE('2006-03-30 00:00:00', 'YYYY-MM-DD HH24:MI:SS'), 'SA_REP', 8000.00, 0.20, 145, 80);
INSERT INTO HR.EMPLOYEES (EMPLOYEE_ID, FIRST_NAME, LAST_NAME, EMAIL, PHONE_NUMBER, HIRE_DATE, JOB_ID, SALARY, COMMISSION_PCT, MANAGER_ID, DEPARTMENT_ID) VALUES (154, 'Nanette', 'Cambrault', 'NCAMBRAU', '011.44.1344.987668', TO_DATE('2006-12-09 00:00:00', 'YYYY-MM-DD HH24:MI:SS'), 'SA_REP', 7500.00, 0.20, 145, 80);
INSERT INTO HR.EMPLOYEES (EMPLOYEE_ID, FIRST_NAME, LAST_NAME, EMAIL, PHONE_NUMBER, HIRE_DATE, JOB_ID, SALARY, COMMISSION_PCT, MANAGER_ID, DEPARTMENT_ID) VALUES (155, 'Oliver', 'Tuvault', 'OTUVAULT', '011.44.1344.486508', TO_DATE('2007-11-23 00:00:00', 'YYYY-MM-DD HH24:MI:SS'), 'SA_REP', 7000.00, 0.15, 145, 80);
INSERT INTO HR.EMPLOYEES (EMPLOYEE_ID, FIRST_NAME, LAST_NAME, EMAIL, PHONE_NUMBER, HIRE_DATE, JOB_ID, SALARY, COMMISSION_PCT, MANAGER_ID, DEPARTMENT_ID) VALUES (156, 'Janette', 'King', 'JKING', '011.44.1345.429268', TO_DATE('2004-01-30 00:00:00', 'YYYY-MM-DD HH24:MI:SS'), 'SA_REP', 10000.00, 0.35, 146, 80);
INSERT INTO HR.EMPLOYEES (EMPLOYEE_ID, FIRST_NAME, LAST_NAME, EMAIL, PHONE_NUMBER, HIRE_DATE, JOB_ID, SALARY, COMMISSION_PCT, MANAGER_ID, DEPARTMENT_ID) VALUES (157, 'Patrick', 'Sully', 'PSULLY', '011.44.1345.929268', TO_DATE('2004-03-04 00:00:00', 'YYYY-MM-DD HH24:MI:SS'), 'SA_REP', 9500.00, 0.35, 146, 80);
INSERT INTO HR.EMPLOYEES (EMPLOYEE_ID, FIRST_NAME, LAST_NAME, EMAIL, PHONE_NUMBER, HIRE_DATE, JOB_ID, SALARY, COMMISSION_PCT, MANAGER_ID, DEPARTMENT_ID) VALUES (158, 'Allan', 'McEwen', 'AMCEWEN', '011.44.1345.829268', TO_DATE('2004-08-01 00:00:00', 'YYYY-MM-DD HH24:MI:SS'), 'SA_REP', 9000.00, 0.35, 146, 80);
INSERT INTO HR.EMPLOYEES (EMPLOYEE_ID, FIRST_NAME, LAST_NAME, EMAIL, PHONE_NUMBER, HIRE_DATE, JOB_ID, SALARY, COMMISSION_PCT, MANAGER_ID, DEPARTMENT_ID) VALUES (159, 'Lindsey', 'Smith', 'LSMITH', '011.44.1345.729268', TO_DATE('2005-03-10 00:00:00', 'YYYY-MM-DD HH24:MI:SS'), 'SA_REP', 8000.00, 0.30, 146, 80);
INSERT INTO HR.EMPLOYEES (EMPLOYEE_ID, FIRST_NAME, LAST_NAME, EMAIL, PHONE_NUMBER, HIRE_DATE, JOB_ID, SALARY, COMMISSION_PCT, MANAGER_ID, DEPARTMENT_ID) VALUES (160, 'Louise', 'Doran', 'LDORAN', '011.44.1345.629268', TO_DATE('2005-12-15 00:00:00', 'YYYY-MM-DD HH24:MI:SS'), 'SA_REP', 7500.00, 0.30, 146, 80);
INSERT INTO HR.EMPLOYEES (EMPLOYEE_ID, FIRST_NAME, LAST_NAME, EMAIL, PHONE_NUMBER, HIRE_DATE, JOB_ID, SALARY, COMMISSION_PCT, MANAGER_ID, DEPARTMENT_ID) VALUES (161, 'Sarath', 'Sewall', 'SSEWALL', '011.44.1345.529268', TO_DATE('2006-11-03 00:00:00', 'YYYY-MM-DD HH24:MI:SS'), 'SA_REP', 7000.00, 0.25, 146, 80);
INSERT INTO HR.EMPLOYEES (EMPLOYEE_ID, FIRST_NAME, LAST_NAME, EMAIL, PHONE_NUMBER, HIRE_DATE, JOB_ID, SALARY, COMMISSION_PCT, MANAGER_ID, DEPARTMENT_ID) VALUES (162, 'Clara', 'Vishney', 'CVISHNEY', '011.44.1346.129268', TO_DATE('2005-11-11 00:00:00', 'YYYY-MM-DD HH24:MI:SS'), 'SA_REP', 10500.00, 0.25, 147, 80);
INSERT INTO HR.EMPLOYEES (EMPLOYEE_ID, FIRST_NAME, LAST_NAME, EMAIL, PHONE_NUMBER, HIRE_DATE, JOB_ID, SALARY, COMMISSION_PCT, MANAGER_ID, DEPARTMENT_ID) VALUES (163, 'Danielle', 'Greene', 'DGREENE', '011.44.1346.229268', TO_DATE('2007-03-19 00:00:00', 'YYYY-MM-DD HH24:MI:SS'), 'SA_REP', 9500.00, 0.15, 147, 80);
INSERT INTO HR.EMPLOYEES (EMPLOYEE_ID, FIRST_NAME, LAST_NAME, EMAIL, PHONE_NUMBER, HIRE_DATE, JOB_ID, SALARY, COMMISSION_PCT, MANAGER_ID, DEPARTMENT_ID) VALUES (164, 'Mattea', 'Marvins', 'MMARVINS', '011.44.1346.329268', TO_DATE('2008-01-24 00:00:00', 'YYYY-MM-DD HH24:MI:SS'), 'SA_REP', 7200.00, 0.10, 147, 80);
INSERT INTO HR.EMPLOYEES (EMPLOYEE_ID, FIRST_NAME, LAST_NAME, EMAIL, PHONE_NUMBER, HIRE_DATE, JOB_ID, SALARY, COMMISSION_PCT, MANAGER_ID, DEPARTMENT_ID) VALUES (165, 'David', 'Lee', 'DLEE', '011.44.1346.529268', TO_DATE('2008-02-23 00:00:00', 'YYYY-MM-DD HH24:MI:SS'), 'SA_REP', 6800.00, 0.10, 147, 80);
INSERT INTO HR.EMPLOYEES (EMPLOYEE_ID, FIRST_NAME, LAST_NAME, EMAIL, PHONE_NUMBER, HIRE_DATE, JOB_ID, SALARY, COMMISSION_PCT, MANAGER_ID, DEPARTMENT_ID) VALUES (166, 'Sundar', 'Ande', 'SANDE', '011.44.1346.629268', TO_DATE('2008-03-24 00:00:00', 'YYYY-MM-DD HH24:MI:SS'), 'SA_REP', 6400.00, 0.10, 147, 80);
INSERT INTO HR.EMPLOYEES (EMPLOYEE_ID, FIRST_NAME, LAST_NAME, EMAIL, PHONE_NUMBER, HIRE_DATE, JOB_ID, SALARY, COMMISSION_PCT, MANAGER_ID, DEPARTMENT_ID) VALUES (167, 'Amit', 'Banda', 'ABANDA', '011.44.1346.729268', TO_DATE('2008-04-21 00:00:00', 'YYYY-MM-DD HH24:MI:SS'), 'SA_REP', 6200.00, 0.10, 147, 80);
INSERT INTO HR.EMPLOYEES (EMPLOYEE_ID, FIRST_NAME, LAST_NAME, EMAIL, PHONE_NUMBER, HIRE_DATE, JOB_ID, SALARY, COMMISSION_PCT, MANAGER_ID, DEPARTMENT_ID) VALUES (168, 'Lisa', 'Ozer', 'LOZER', '011.44.1343.929268', TO_DATE('2005-03-11 00:00:00', 'YYYY-MM-DD HH24:MI:SS'), 'SA_REP', 11500.00, 0.25, 148, 80);
INSERT INTO HR.EMPLOYEES (EMPLOYEE_ID, FIRST_NAME, LAST_NAME, EMAIL, PHONE_NUMBER, HIRE_DATE, JOB_ID, SALARY, COMMISSION_PCT, MANAGER_ID, DEPARTMENT_ID) VALUES (169, 'Harrison', 'Bloom', 'HBLOOM', '011.44.1343.829268', TO_DATE('2006-03-23 00:00:00', 'YYYY-MM-DD HH24:MI:SS'), 'SA_REP', 10000.00, 0.20, 148, 80);
INSERT INTO HR.EMPLOYEES (EMPLOYEE_ID, FIRST_NAME, LAST_NAME, EMAIL, PHONE_NUMBER, HIRE_DATE, JOB_ID, SALARY, COMMISSION_PCT, MANAGER_ID, DEPARTMENT_ID) VALUES (170, 'Tayler', 'Fox', 'TFOX', '011.44.1343.729268', TO_DATE('2006-01-24 00:00:00', 'YYYY-MM-DD HH24:MI:SS'), 'SA_REP', 9600.00, 0.20, 148, 80);
INSERT INTO HR.EMPLOYEES (EMPLOYEE_ID, FIRST_NAME, LAST_NAME, EMAIL, PHONE_NUMBER, HIRE_DATE, JOB_ID, SALARY, COMMISSION_PCT, MANAGER_ID, DEPARTMENT_ID) VALUES (171, 'William', 'Smith', 'WSMITH', '011.44.1343.629268', TO_DATE('2007-02-23 00:00:00', 'YYYY-MM-DD HH24:MI:SS'), 'SA_REP', 7400.00, 0.15, 148, 80);
INSERT INTO HR.EMPLOYEES (EMPLOYEE_ID, FIRST_NAME, LAST_NAME, EMAIL, PHONE_NUMBER, HIRE_DATE, JOB_ID, SALARY, COMMISSION_PCT, MANAGER_ID, DEPARTMENT_ID) VALUES (172, 'Elizabeth', 'Bates', 'EBATES', '011.44.1343.529268', TO_DATE('2007-03-24 00:00:00', 'YYYY-MM-DD HH24:MI:SS'), 'SA_REP', 7300.00, 0.15, 148, 80);
INSERT INTO HR.EMPLOYEES (EMPLOYEE_ID, FIRST_NAME, LAST_NAME, EMAIL, PHONE_NUMBER, HIRE_DATE, JOB_ID, SALARY, COMMISSION_PCT, MANAGER_ID, DEPARTMENT_ID) VALUES (173, 'Sundita', 'Kumar', 'SKUMAR', '011.44.1343.329268', TO_DATE('2008-04-21 00:00:00', 'YYYY-MM-DD HH24:MI:SS'), 'SA_REP', 6100.00, 0.10, 148, 80);
INSERT INTO HR.EMPLOYEES (EMPLOYEE_ID, FIRST_NAME, LAST_NAME, EMAIL, PHONE_NUMBER, HIRE_DATE, JOB_ID, SALARY, COMMISSION_PCT, MANAGER_ID, DEPARTMENT_ID) VALUES (174, 'Ellen', 'Abel', 'EABEL', '011.44.1644.429267', TO_DATE('2004-05-11 00:00:00', 'YYYY-MM-DD HH24:MI:SS'), 'SA_REP', 11000.00, 0.30, 149, 80);
INSERT INTO HR.EMPLOYEES (EMPLOYEE_ID, FIRST_NAME, LAST_NAME, EMAIL, PHONE_NUMBER, HIRE_DATE, JOB_ID, SALARY, COMMISSION_PCT, MANAGER_ID, DEPARTMENT_ID) VALUES (175, 'Alyssa', 'Hutton', 'AHUTTON', '011.44.1644.429266', TO_DATE('2005-03-19 00:00:00', 'YYYY-MM-DD HH24:MI:SS'), 'SA_REP', 8800.00, 0.25, 149, 80);
INSERT INTO HR.EMPLOYEES (EMPLOYEE_ID, FIRST_NAME, LAST_NAME, EMAIL, PHONE_NUMBER, HIRE_DATE, JOB_ID, SALARY, COMMISSION_PCT, MANAGER_ID, DEPARTMENT_ID) VALUES (176, 'Jonathon', 'Taylor', 'JTAYLOR', '011.44.1644.429265', TO_DATE('2006-03-24 00:00:00', 'YYYY-MM-DD HH24:MI:SS'), 'SA_REP', 8600.00, 0.20, 149, 80);
INSERT INTO HR.EMPLOYEES (EMPLOYEE_ID, FIRST_NAME, LAST_NAME, EMAIL, PHONE_NUMBER, HIRE_DATE, JOB_ID, SALARY, COMMISSION_PCT, MANAGER_ID, DEPARTMENT_ID) VALUES (177, 'Jack', 'Livingston', 'JLIVINGS', '011.44.1644.429264', TO_DATE('2006-04-23 00:00:00', 'YYYY-MM-DD HH24:MI:SS'), 'SA_REP', 8400.00, 0.20, 149, 80);
INSERT INTO HR.EMPLOYEES (EMPLOYEE_ID, FIRST_NAME, LAST_NAME, EMAIL, PHONE_NUMBER, HIRE_DATE, JOB_ID, SALARY, COMMISSION_PCT, MANAGER_ID, DEPARTMENT_ID) VALUES (178, 'Kimberely', 'Grant', 'KGRANT', '011.44.1644.429263', TO_DATE('2007-05-24 00:00:00', 'YYYY-MM-DD HH24:MI:SS'), 'SA_REP', 7000.00, 0.15, 149, null);
INSERT INTO HR.EMPLOYEES (EMPLOYEE_ID, FIRST_NAME, LAST_NAME, EMAIL, PHONE_NUMBER, HIRE_DATE, JOB_ID, SALARY, COMMISSION_PCT, MANAGER_ID, DEPARTMENT_ID) VALUES (179, 'Charles', 'Johnson', 'CJOHNSON', '011.44.1644.429262', TO_DATE('2008-01-04 00:00:00', 'YYYY-MM-DD HH24:MI:SS'), 'SA_REP', 6200.00, 0.10, 149, 80);
INSERT INTO HR.EMPLOYEES (EMPLOYEE_ID, FIRST_NAME, LAST_NAME, EMAIL, PHONE_NUMBER, HIRE_DATE, JOB_ID, SALARY, COMMISSION_PCT, MANAGER_ID, DEPARTMENT_ID) VALUES (180, 'Winston', 'Taylor', 'WTAYLOR', '650.507.9876', TO_DATE('2006-01-24 00:00:00', 'YYYY-MM-DD HH24:MI:SS'), 'SH_CLERK', 3200.00, null, 120, 50);
INSERT INTO HR.EMPLOYEES (EMPLOYEE_ID, FIRST_NAME, LAST_NAME, EMAIL, PHONE_NUMBER, HIRE_DATE, JOB_ID, SALARY, COMMISSION_PCT, MANAGER_ID, DEPARTMENT_ID) VALUES (181, 'Jean', 'Fleaur', 'JFLEAUR', '650.507.9877', TO_DATE('2006-02-23 00:00:00', 'YYYY-MM-DD HH24:MI:SS'), 'SH_CLERK', 3100.00, null, 120, 50);
INSERT INTO HR.EMPLOYEES (EMPLOYEE_ID, FIRST_NAME, LAST_NAME, EMAIL, PHONE_NUMBER, HIRE_DATE, JOB_ID, SALARY, COMMISSION_PCT, MANAGER_ID, DEPARTMENT_ID) VALUES (182, 'Martha', 'Sullivan', 'MSULLIVA', '650.507.9878', TO_DATE('2007-06-21 00:00:00', 'YYYY-MM-DD HH24:MI:SS'), 'SH_CLERK', 2500.00, null, 120, 50);
INSERT INTO HR.EMPLOYEES (EMPLOYEE_ID, FIRST_NAME, LAST_NAME, EMAIL, PHONE_NUMBER, HIRE_DATE, JOB_ID, SALARY, COMMISSION_PCT, MANAGER_ID, DEPARTMENT_ID) VALUES (183, 'Girard', 'Geoni', 'GGEONI', '650.507.9879', TO_DATE('2008-02-03 00:00:00', 'YYYY-MM-DD HH24:MI:SS'), 'SH_CLERK', 2800.00, null, 120, 50);
INSERT INTO HR.EMPLOYEES (EMPLOYEE_ID, FIRST_NAME, LAST_NAME, EMAIL, PHONE_NUMBER, HIRE_DATE, JOB_ID, SALARY, COMMISSION_PCT, MANAGER_ID, DEPARTMENT_ID) VALUES (184, 'Nandita', 'Sarchand', 'NSARCHAN', '650.509.1876', TO_DATE('2004-01-27 00:00:00', 'YYYY-MM-DD HH24:MI:SS'), 'SH_CLERK', 4200.00, null, 121, 50);
INSERT INTO HR.EMPLOYEES (EMPLOYEE_ID, FIRST_NAME, LAST_NAME, EMAIL, PHONE_NUMBER, HIRE_DATE, JOB_ID, SALARY, COMMISSION_PCT, MANAGER_ID, DEPARTMENT_ID) VALUES (185, 'Alexis', 'Bull', 'ABULL', '650.509.2876', TO_DATE('2005-02-20 00:00:00', 'YYYY-MM-DD HH24:MI:SS'), 'SH_CLERK', 4100.00, null, 121, 50);
INSERT INTO HR.EMPLOYEES (EMPLOYEE_ID, FIRST_NAME, LAST_NAME, EMAIL, PHONE_NUMBER, HIRE_DATE, JOB_ID, SALARY, COMMISSION_PCT, MANAGER_ID, DEPARTMENT_ID) VALUES (186, 'Julia', 'Dellinger', 'JDELLING', '650.509.3876', TO_DATE('2006-06-24 00:00:00', 'YYYY-MM-DD HH24:MI:SS'), 'SH_CLERK', 3400.00, null, 121, 50);
INSERT INTO HR.EMPLOYEES (EMPLOYEE_ID, FIRST_NAME, LAST_NAME, EMAIL, PHONE_NUMBER, HIRE_DATE, JOB_ID, SALARY, COMMISSION_PCT, MANAGER_ID, DEPARTMENT_ID) VALUES (187, 'Anthony', 'Cabrio', 'ACABRIO', '650.509.4876', TO_DATE('2007-02-07 00:00:00', 'YYYY-MM-DD HH24:MI:SS'), 'SH_CLERK', 3000.00, null, 121, 50);
INSERT INTO HR.EMPLOYEES (EMPLOYEE_ID, FIRST_NAME, LAST_NAME, EMAIL, PHONE_NUMBER, HIRE_DATE, JOB_ID, SALARY, COMMISSION_PCT, MANAGER_ID, DEPARTMENT_ID) VALUES (188, 'Kelly', 'Chung', 'KCHUNG', '650.505.1876', TO_DATE('2005-06-14 00:00:00', 'YYYY-MM-DD HH24:MI:SS'), 'SH_CLERK', 3800.00, null, 122, 50);
INSERT INTO HR.EMPLOYEES (EMPLOYEE_ID, FIRST_NAME, LAST_NAME, EMAIL, PHONE_NUMBER, HIRE_DATE, JOB_ID, SALARY, COMMISSION_PCT, MANAGER_ID, DEPARTMENT_ID) VALUES (189, 'Jennifer', 'Dilly', 'JDILLY', '650.505.2876', TO_DATE('2005-08-13 00:00:00', 'YYYY-MM-DD HH24:MI:SS'), 'SH_CLERK', 3600.00, null, 122, 50);
INSERT INTO HR.EMPLOYEES (EMPLOYEE_ID, FIRST_NAME, LAST_NAME, EMAIL, PHONE_NUMBER, HIRE_DATE, JOB_ID, SALARY, COMMISSION_PCT, MANAGER_ID, DEPARTMENT_ID) VALUES (190, 'Timothy', 'Gates', 'TGATES', '650.505.3876', TO_DATE('2006-07-11 00:00:00', 'YYYY-MM-DD HH24:MI:SS'), 'SH_CLERK', 2900.00, null, 122, 50);
INSERT INTO HR.EMPLOYEES (EMPLOYEE_ID, FIRST_NAME, LAST_NAME, EMAIL, PHONE_NUMBER, HIRE_DATE, JOB_ID, SALARY, COMMISSION_PCT, MANAGER_ID, DEPARTMENT_ID) VALUES (191, 'Randall', 'Perkins', 'RPERKINS', '650.505.4876', TO_DATE('2007-12-19 00:00:00', 'YYYY-MM-DD HH24:MI:SS'), 'SH_CLERK', 2500.00, null, 122, 50);
INSERT INTO HR.EMPLOYEES (EMPLOYEE_ID, FIRST_NAME, LAST_NAME, EMAIL, PHONE_NUMBER, HIRE_DATE, JOB_ID, SALARY, COMMISSION_PCT, MANAGER_ID, DEPARTMENT_ID) VALUES (192, 'Sarah', 'Bell', 'SBELL', '650.501.1876', TO_DATE('2004-02-04 00:00:00', 'YYYY-MM-DD HH24:MI:SS'), 'SH_CLERK', 4000.00, null, 123, 50);
INSERT INTO HR.EMPLOYEES (EMPLOYEE_ID, FIRST_NAME, LAST_NAME, EMAIL, PHONE_NUMBER, HIRE_DATE, JOB_ID, SALARY, COMMISSION_PCT, MANAGER_ID, DEPARTMENT_ID) VALUES (193, 'Britney', 'Everett', 'BEVERETT', '650.501.2876', TO_DATE('2005-03-03 00:00:00', 'YYYY-MM-DD HH24:MI:SS'), 'SH_CLERK', 3900.00, null, 123, 50);
INSERT INTO HR.EMPLOYEES (EMPLOYEE_ID, FIRST_NAME, LAST_NAME, EMAIL, PHONE_NUMBER, HIRE_DATE, JOB_ID, SALARY, COMMISSION_PCT, MANAGER_ID, DEPARTMENT_ID) VALUES (194, 'Samuel', 'McCain', 'SMCCAIN', '650.501.3876', TO_DATE('2006-07-01 00:00:00', 'YYYY-MM-DD HH24:MI:SS'), 'SH_CLERK', 3200.00, null, 123, 50);
INSERT INTO HR.EMPLOYEES (EMPLOYEE_ID, FIRST_NAME, LAST_NAME, EMAIL, PHONE_NUMBER, HIRE_DATE, JOB_ID, SALARY, COMMISSION_PCT, MANAGER_ID, DEPARTMENT_ID) VALUES (195, 'Vance', 'Jones', 'VJONES', '650.501.4876', TO_DATE('2007-03-17 00:00:00', 'YYYY-MM-DD HH24:MI:SS'), 'SH_CLERK', 2800.00, null, 123, 50);
INSERT INTO HR.EMPLOYEES (EMPLOYEE_ID, FIRST_NAME, LAST_NAME, EMAIL, PHONE_NUMBER, HIRE_DATE, JOB_ID, SALARY, COMMISSION_PCT, MANAGER_ID, DEPARTMENT_ID) VALUES (196, 'Alana', 'Walsh', 'AWALSH', '650.507.9811', TO_DATE('2006-04-24 00:00:00', 'YYYY-MM-DD HH24:MI:SS'), 'SH_CLERK', 3100.00, null, 124, 50);
INSERT INTO HR.EMPLOYEES (EMPLOYEE_ID, FIRST_NAME, LAST_NAME, EMAIL, PHONE_NUMBER, HIRE_DATE, JOB_ID, SALARY, COMMISSION_PCT, MANAGER_ID, DEPARTMENT_ID) VALUES (197, 'Kevin', 'Feeney', 'KFEENEY', '650.507.9822', TO_DATE('2006-05-23 00:00:00', 'YYYY-MM-DD HH24:MI:SS'), 'SH_CLERK', 3000.00, null, 124, 50);
INSERT INTO HR.EMPLOYEES (EMPLOYEE_ID, FIRST_NAME, LAST_NAME, EMAIL, PHONE_NUMBER, HIRE_DATE, JOB_ID, SALARY, COMMISSION_PCT, MANAGER_ID, DEPARTMENT_ID) VALUES (198, 'Donald', 'OConnell', 'DOCONNEL', '650.507.9833', TO_DATE('2007-06-21 00:00:00', 'YYYY-MM-DD HH24:MI:SS'), 'SH_CLERK', 2600.00, null, 124, 50);
INSERT INTO HR.EMPLOYEES (EMPLOYEE_ID, FIRST_NAME, LAST_NAME, EMAIL, PHONE_NUMBER, HIRE_DATE, JOB_ID, SALARY, COMMISSION_PCT, MANAGER_ID, DEPARTMENT_ID) VALUES (199, 'Douglas', 'Grant', 'DGRANT', '650.507.9844', TO_DATE('2008-01-13 00:00:00', 'YYYY-MM-DD HH24:MI:SS'), 'SH_CLERK', 2600.00, null, 124, 50);
INSERT INTO HR.EMPLOYEES (EMPLOYEE_ID, FIRST_NAME, LAST_NAME, EMAIL, PHONE_NUMBER, HIRE_DATE, JOB_ID, SALARY, COMMISSION_PCT, MANAGER_ID, DEPARTMENT_ID) VALUES (200, 'Jennifer', 'Whalen', 'JWHALEN', '515.123.4444', TO_DATE('2003-09-17 00:00:00', 'YYYY-MM-DD HH24:MI:SS'), 'AD_ASST', 4400.00, null, 101, 10);
INSERT INTO HR.EMPLOYEES (EMPLOYEE_ID, FIRST_NAME, LAST_NAME, EMAIL, PHONE_NUMBER, HIRE_DATE, JOB_ID, SALARY, COMMISSION_PCT, MANAGER_ID, DEPARTMENT_ID) VALUES (201, 'Michael', 'Hartstein', 'MHARTSTE', '515.123.5555', TO_DATE('2004-02-17 00:00:00', 'YYYY-MM-DD HH24:MI:SS'), 'MK_MAN', 13000.00, null, 100, 20);
INSERT INTO HR.EMPLOYEES (EMPLOYEE_ID, FIRST_NAME, LAST_NAME, EMAIL, PHONE_NUMBER, HIRE_DATE, JOB_ID, SALARY, COMMISSION_PCT, MANAGER_ID, DEPARTMENT_ID) VALUES (202, 'Pat', 'Fay', 'PFAY', '603.123.6666', TO_DATE('2005-08-17 00:00:00', 'YYYY-MM-DD HH24:MI:SS'), 'MK_REP', 6000.00, null, 201, 20);
INSERT INTO HR.EMPLOYEES (EMPLOYEE_ID, FIRST_NAME, LAST_NAME, EMAIL, PHONE_NUMBER, HIRE_DATE, JOB_ID, SALARY, COMMISSION_PCT, MANAGER_ID, DEPARTMENT_ID) VALUES (203, 'Susan', 'Mavris', 'SMAVRIS', '515.123.7777', TO_DATE('2002-06-07 00:00:00', 'YYYY-MM-DD HH24:MI:SS'), 'HR_REP', 6500.00, null, 101, 40);
INSERT INTO HR.EMPLOYEES (EMPLOYEE_ID, FIRST_NAME, LAST_NAME, EMAIL, PHONE_NUMBER, HIRE_DATE, JOB_ID, SALARY, COMMISSION_PCT, MANAGER_ID, DEPARTMENT_ID) VALUES (204, 'Hermann', 'Baer', 'HBAER', '515.123.8888', TO_DATE('2002-06-07 00:00:00', 'YYYY-MM-DD HH24:MI:SS'), 'PR_REP', 10000.00, null, 101, 70);
INSERT INTO HR.EMPLOYEES (EMPLOYEE_ID, FIRST_NAME, LAST_NAME, EMAIL, PHONE_NUMBER, HIRE_DATE, JOB_ID, SALARY, COMMISSION_PCT, MANAGER_ID, DEPARTMENT_ID) VALUES (205, 'Shelley', 'Higgins', 'SHIGGINS', '515.123.8080', TO_DATE('2002-06-07 00:00:00', 'YYYY-MM-DD HH24:MI:SS'), 'AC_MGR', 12008.00, null, 101, 110);
INSERT INTO HR.EMPLOYEES (EMPLOYEE_ID, FIRST_NAME, LAST_NAME, EMAIL, PHONE_NUMBER, HIRE_DATE, JOB_ID, SALARY, COMMISSION_PCT, MANAGER_ID, DEPARTMENT_ID) VALUES (206, 'William', 'Gietz', 'WGIETZ', '515.123.8181', TO_DATE('2002-06-07 00:00:00', 'YYYY-MM-DD HH24:MI:SS'), 'AC_ACCOUNT', 8300.00, null, 205, 110);
ALTER TABLE HR.DEPARTMENTS ADD CONSTRAINT DEP_EMP_MANAGER_FK FOREIGN KEY (MANAGER_ID) REFERENCES HR.EMPLOYEES(EMPLOYEE_ID);
create sequence hr.locations_seq start with 3300 increment by 100;
create sequence hr.departments_seq start with 280 increment by 10;
create sequence hr.employees_seq start with 207;